<?xml version="1.0" encoding="UTF-8"?>
<sbml xmlns="http://www.sbml.org/sbml/level3/version1/core" xmlns:fbc="http://www.sbml.org/sbml/level3/version1/fbc/version2" level="3" version="1" fbc:required="false" sboTerm="SBO:0000624">
  <model id="fbcSpecExample1" timeUnits="time" fbc:strict="true">
    <listOfUnitDefinitions>
      <unitDefinition id="volume">
        <listOfUnits>
          <unit kind="litre" exponent="1" scale="0" multiplier="1"/>
        </listOfUnits>
      </unitDefinition>
      <unitDefinition id="substance">
        <listOfUnits>
          <unit kind="mole" exponent="1" scale="0" multiplier="1"/>
        </listOfUnits>
      </unitDefinition>
      <unitDefinition id="time">
        <listOfUnits>
          <unit kind="second" exponent="1" scale="0" multiplier="1"/>
        </listOfUnits>
      </unitDefinition>
    </listOfUnitDefinitions>
    <listOfCompartments>
      <compartment id="compartment" spatialDimensions="3" size="1" units="volume" constant="true"/>
    </listOfCompartments>
    <listOfSpecies>
      <species id="IN" compartment="compartment" initialConcentration="0" substanceUnits="substance" hasOnlySubstanceUnits="false" constant="false" boundaryCondition="true"/>
      <species id="OUT" compartment="compartment" initialConcentration="0" substanceUnits="substance" hasOnlySubstanceUnits="false" constant="false" boundaryCondition="true"/>
      <species id="A" compartment="compartment" initialConcentration="0" substanceUnits="substance" hasOnlySubstanceUnits="false" constant="false" boundaryCondition="false"/>
      <species id="B" compartment="compartment" initialConcentration="0" substanceUnits="substance" hasOnlySubstanceUnits="false" constant="false" boundaryCondition="false"/>
      <species id="ATP" compartment="compartment" initialConcentration="0" substanceUnits="substance" hasOnlySubstanceUnits="false" constant="false" boundaryCondition="true"/>
      <species id="NADH" compartment="compartment" initialConcentration="0" substanceUnits="substance" hasOnlySubstanceUnits="false" constant="false" boundaryCondition="true"/>
    </listOfSpecies>
    <listOfParameters>
      <parameter id="R1u" constant="true" value="1" sboTerm="SBO:0000625"/>
      <parameter constant="true" id="irrLow" value="0" sboTerm="SBO:0000625"/>
      <parameter constant="true" id="posInf" value="INF" sboTerm="SBO:0000626"/>
    </listOfParameters>
    <listOfReactions>
      <reaction id="R1" reversible="false" fast="false" fbc:lowerFluxBound="irrLow" fbc:upperFluxBound="R1u">
        <listOfReactants>
          <speciesReference species="IN" stoichiometry="1" constant="true"/>
        </listOfReactants>
        <listOfProducts>
          <speciesReference species="A" stoichiometry="1" constant="true"/>
        </listOfProducts>
      </reaction>
      <reaction id="R2" reversible="false" fast="false" fbc:lowerFluxBound="irrLow" fbc:upperFluxBound="posInf">
        <listOfReactants>
          <speciesReference species="B" stoichiometry="1" constant="true"/>
        </listOfReactants>
        <listOfProducts>
          <speciesReference species="OUT" stoichiometry="1" constant="true"/>
        </listOfProducts>
      </reaction>
      <reaction id="X1" reversible="false" fast="false" fbc:lowerFluxBound="irrLow" fbc:upperFluxBound="posInf">
        <listOfReactants>
          <speciesReference species="A" stoichiometry="1" constant="true"/>
        </listOfReactants>
        <listOfProducts>
          <speciesReference species="ATP" stoichiometry="1" constant="true"/>
          <speciesReference species="B" stoichiometry="1" constant="true"/>
        </listOfProducts>
      </reaction>
      <reaction id="X2" reversible="false" fast="false" fbc:lowerFluxBound="irrLow" fbc:upperFluxBound="posInf">
        <listOfReactants>
          <speciesReference species="A" stoichiometry="1" constant="true"/>
        </listOfReactants>
        <listOfProducts>
          <speciesReference species="B" stoichiometry="1" constant="true"/>
          <speciesReference species="NADH" stoichiometry="1" constant="true"/>
        </listOfProducts>
      </reaction>
    </listOfReactions>
    <fbc:listOfObjectives fbc:activeObjective="objective1">
      <fbc:objective fbc:id="objective1" fbc:type="maximize">
        <fbc:listOfFluxObjectives>
          <fbc:fluxObjective fbc:reaction="R2" fbc:coefficient="1"/>
        </fbc:listOfFluxObjectives>
      </fbc:objective>
    </fbc:listOfObjectives>
  </model>
</sbml>
