<?xml version="1.0" encoding="UTF-8"?>
<sbml xmlns="http://www.sbml.org/sbml/level3/version1/core" xmlns:layout="http://www.sbml.org/sbml/level3/version1/layout/version1" level="3" version="1" layout:required="false">
  <model id="TestModel_with_modifiers" timeUnits="time">
    <listOfUnitDefinitions>
      <unitDefinition id="volume">
        <listOfUnits>
          <unit kind="litre" exponent="1" scale="0" multiplier="1"/>
        </listOfUnits>
      </unitDefinition>
      <unitDefinition id="substance">
        <listOfUnits>
          <unit kind="mole" exponent="1" scale="0" multiplier="1"/>
        </listOfUnits>
      </unitDefinition>
      <unitDefinition id="time">
        <listOfUnits>
          <unit kind="second" exponent="1" scale="0" multiplier="1"/>
        </listOfUnits>
      </unitDefinition>
    </listOfUnitDefinitions>
    <listOfCompartments>
      <compartment id="Yeast" spatialDimensions="3" units="volume" constant="true"/>
    </listOfCompartments>
    <listOfSpecies>
      <species id="Glucose" compartment="Yeast" substanceUnits="substance" hasOnlySubstanceUnits="false" boundaryCondition="false" constant="false"/>
      <species id="G6P" name="Glucose-6-phosphate" compartment="Yeast" substanceUnits="substance" hasOnlySubstanceUnits="false" boundaryCondition="false" constant="false"/>
      <species id="ATP" compartment="Yeast" substanceUnits="substance" hasOnlySubstanceUnits="false" boundaryCondition="false" constant="false"/>
      <species id="ADP" compartment="Yeast" substanceUnits="substance" hasOnlySubstanceUnits="false" boundaryCondition="false" constant="false"/>
      <species id="Pi" compartment="Yeast" substanceUnits="substance" hasOnlySubstanceUnits="false" boundaryCondition="false" constant="false"/>
    </listOfSpecies>
    <listOfReactions>
      <reaction id="Hexokinase" reversible="false" fast="false">
        <listOfReactants>
          <speciesReference id="SpeciesReference_Glucose" species="Glucose" stoichiometry="1" constant="true"/>
          <speciesReference id="SpeciesReference_ATP" species="ATP" stoichiometry="1" constant="true"/>
        </listOfReactants>
        <listOfProducts>
          <speciesReference id="SpeciesReference_G6P" species="G6P" stoichiometry="1" constant="true"/>
          <speciesReference id="SpeciesReference_ADP" species="ADP" stoichiometry="1" constant="true"/>
        </listOfProducts>
        <listOfModifiers>
          <modifierSpeciesReference id="ModifierSpeciesReference_G6P" species="G6P"/>
          <modifierSpeciesReference id="ModifierSpeciesReference_Pi" species="Pi"/>
        </listOfModifiers>
      </reaction>
    </listOfReactions>
    <layout:listOfLayouts xmlns:xsi="http://www.w3.org/2001/XMLSchema-instance" xmlns:layout="http://www.sbml.org/sbml/level3/version1/layout/version1">
      <layout:layout layout:id="Layout_1">
        <layout:dimensions layout:width="400" layout:height="230"/>
        <layout:listOfCompartmentGlyphs>
          <layout:compartmentGlyph layout:id="CompartmentGlyph_1" layout:compartment="Yeast">
            <layout:boundingBox layout:id="bb1">
              <layout:position layout:x="5" layout:y="5"/>
              <layout:dimensions layout:width="390" layout:height="220"/>
            </layout:boundingBox>
          </layout:compartmentGlyph>
        </layout:listOfCompartmentGlyphs>
        <layout:listOfSpeciesGlyphs>
          <layout:speciesGlyph layout:id="SpeciesGlyph_Glucose" layout:species="Glucose">
            <layout:boundingBox layout:id="bb2">
              <layout:position layout:x="105" layout:y="20"/>
              <layout:dimensions layout:width="130" layout:height="20"/>
            </layout:boundingBox>
          </layout:speciesGlyph>
          <layout:speciesGlyph layout:id="SpeciesGlyph_G6P" layout:species="G6P">
            <layout:boundingBox layout:id="bb5">
              <layout:position layout:x="50" layout:y="190"/>
              <layout:dimensions layout:width="270" layout:height="20"/>
            </layout:boundingBox>
          </layout:speciesGlyph>
          <layout:speciesGlyph layout:id="SpeciesGlyph_ATP" layout:species="ATP">
            <layout:boundingBox layout:id="bb3">
              <layout:position layout:x="270" layout:y="70"/>
              <layout:dimensions layout:width="80" layout:height="20"/>
            </layout:boundingBox>
          </layout:speciesGlyph>
          <layout:speciesGlyph layout:id="glyph_ADP" layout:species="ADP">
            <layout:boundingBox layout:id="bb4">
              <layout:position layout:x="270" layout:y="140"/>
              <layout:dimensions layout:width="80" layout:height="20"/>
            </layout:boundingBox>
          </layout:speciesGlyph>
          <layout:speciesGlyph layout:id="SpeciesGlyph_Pi" layout:species="Pi">
            <layout:boundingBox layout:id="bb6">
              <layout:position layout:x="50" layout:y="100"/>
              <layout:dimensions layout:width="60" layout:height="20"/>
            </layout:boundingBox>
          </layout:speciesGlyph>
        </layout:listOfSpeciesGlyphs>
        <layout:listOfReactionGlyphs>
          <layout:reactionGlyph layout:id="glyph_Hexokinase" layout:reaction="Hexokinase">
            <layout:curve>
              <layout:listOfCurveSegments>
                <layout:curveSegment xmlns:xsi="http://www.w3.org/2001/XMLSchema-instance" xsi:type="LineSegment">
                  <layout:start layout:x="170" layout:y="100"/>
                  <layout:end layout:x="170" layout:y="130"/>
                </layout:curveSegment>
              </layout:listOfCurveSegments>
            </layout:curve>
            <layout:listOfSpeciesReferenceGlyphs>
              <layout:speciesReferenceGlyph layout:id="SpeciesReferenceGlyph_Glucose" layout:speciesReference="SpeciesReference_Glucose" layout:speciesGlyph="SpeciesGlyph_Glucose" layout:role="substrate">
                <layout:curve>
                  <layout:listOfCurveSegments>
                    <layout:curveSegment xmlns:xsi="http://www.w3.org/2001/XMLSchema-instance" xsi:type="LineSegment">
                      <layout:start layout:x="170" layout:y="100"/>
                      <layout:end layout:x="170" layout:y="50"/>
                    </layout:curveSegment>
                  </layout:listOfCurveSegments>
                </layout:curve>
              </layout:speciesReferenceGlyph>
              <layout:speciesReferenceGlyph layout:id="SpeciesReferenceGlyph_ATP" layout:speciesReference="SpeciesReference_ATP" layout:speciesGlyph="SpeciesGlyph_ATP" layout:role="sidesubstrate">
                <layout:curve>
                  <layout:listOfCurveSegments>
                    <layout:curveSegment xmlns:xsi="http://www.w3.org/2001/XMLSchema-instance" xsi:type="CubicBezier">
                      <layout:start layout:x="170" layout:y="100"/>
                      <layout:end layout:x="260" layout:y="80"/>
                      <layout:basePoint1 layout:x="170" layout:y="80"/>
                      <layout:basePoint2 layout:x="170" layout:y="80"/>
                    </layout:curveSegment>
                  </layout:listOfCurveSegments>
                </layout:curve>
              </layout:speciesReferenceGlyph>
              <layout:speciesReferenceGlyph layout:id="SpeciesReferenceGlyph_G6P_1" layout:speciesReference="SpeciesReference_G6P" layout:speciesGlyph="SpeciesGlyph_G6P" layout:role="product">
                <layout:curve>
                  <layout:listOfCurveSegments>
                    <layout:curveSegment xmlns:xsi="http://www.w3.org/2001/XMLSchema-instance" xsi:type="LineSegment">
                      <layout:start layout:x="170" layout:y="130"/>
                      <layout:end layout:x="170" layout:y="180"/>
                    </layout:curveSegment>
                  </layout:listOfCurveSegments>
                </layout:curve>
              </layout:speciesReferenceGlyph>
              <layout:speciesReferenceGlyph layout:id="SpeciesReferenceGlyph_ADP" layout:speciesReference="SpeciesReference_ADP" layout:speciesGlyph="glyph_ADP" layout:role="sideproduct">
                <layout:curve>
                  <layout:listOfCurveSegments>
                    <layout:curveSegment xmlns:xsi="http://www.w3.org/2001/XMLSchema-instance" xsi:type="CubicBezier">
                      <layout:start layout:x="170" layout:y="130"/>
                      <layout:end layout:x="260" layout:y="150"/>
                      <layout:basePoint1 layout:x="170" layout:y="150"/>
                      <layout:basePoint2 layout:x="170" layout:y="150"/>
                    </layout:curveSegment>
                  </layout:listOfCurveSegments>
                </layout:curve>
              </layout:speciesReferenceGlyph>
              <layout:speciesReferenceGlyph layout:id="SpeciesReferenceGlyph_G6P_2" layout:speciesReference="ModifierSpeciesReference_G6P" layout:speciesGlyph="SpeciesGlyph_G6P" layout:role="inhibitor">
                <layout:curve>
                  <layout:listOfCurveSegments>
                    <layout:curveSegment xmlns:xsi="http://www.w3.org/2001/XMLSchema-instance" xsi:type="CubicBezier">
                      <layout:start layout:x="45" layout:y="200"/>
                      <layout:end layout:x="165" layout:y="120"/>
                      <layout:basePoint1 layout:x="0" layout:y="200"/>
                      <layout:basePoint2 layout:x="0" layout:y="120"/>
                    </layout:curveSegment>
                  </layout:listOfCurveSegments>
                </layout:curve>
              </layout:speciesReferenceGlyph>
              <layout:speciesReferenceGlyph layout:id="SpeciesReferenceGlyph_PI" layout:speciesReference="ModifierSpeciesReference_Pi" layout:speciesGlyph="SpeciesGlyph_Pi" layout:role="activator">
                <layout:curve>
                  <layout:listOfCurveSegments>
                    <layout:curveSegment xmlns:xsi="http://www.w3.org/2001/XMLSchema-instance" xsi:type="CubicBezier">
                      <layout:start layout:x="115" layout:y="110"/>
                      <layout:end layout:x="165" layout:y="110"/>
                      <layout:basePoint1 layout:x="140" layout:y="110"/>
                      <layout:basePoint2 layout:x="140" layout:y="110"/>
                    </layout:curveSegment>
                  </layout:listOfCurveSegments>
                </layout:curve>
              </layout:speciesReferenceGlyph>
            </layout:listOfSpeciesReferenceGlyphs>
          </layout:reactionGlyph>
        </layout:listOfReactionGlyphs>
        <layout:listOfTextGlyphs>
          <layout:textGlyph layout:id="TextGlyph_Glucose" layout:originOfText="Glucose" layout:graphicalObject="SpeciesGlyph_Glucose">
            <layout:boundingBox layout:id="bbA">
              <layout:position layout:x="115" layout:y="20"/>
              <layout:dimensions layout:width="110" layout:height="20"/>
            </layout:boundingBox>
          </layout:textGlyph>
          <layout:textGlyph layout:id="TextGlyph_G6P" layout:originOfText="G6P" layout:graphicalObject="SpeciesGlyph_G6P">
            <layout:boundingBox layout:id="bbD">
              <layout:position layout:x="60" layout:y="190"/>
              <layout:dimensions layout:width="250" layout:height="20"/>
            </layout:boundingBox>
          </layout:textGlyph>
          <layout:textGlyph layout:id="TextGlyph_ATP" layout:originOfText="ATP" layout:graphicalObject="SpeciesGlyph_ATP">
            <layout:boundingBox layout:id="bbB">
              <layout:position layout:x="280" layout:y="70"/>
              <layout:dimensions layout:width="60" layout:height="20"/>
            </layout:boundingBox>
          </layout:textGlyph>
          <layout:textGlyph layout:id="TextGlyph_ADP" layout:originOfText="ADP" layout:graphicalObject="glyph_ADP">
            <layout:boundingBox layout:id="bbC">
              <layout:position layout:x="280" layout:y="140"/>
              <layout:dimensions layout:width="60" layout:height="20"/>
            </layout:boundingBox>
          </layout:textGlyph>
          <layout:textGlyph layout:id="TextGlyph_PI" layout:originOfText="Pi" layout:graphicalObject="SpeciesGlyph_Pi">
            <layout:boundingBox layout:id="bbE">
              <layout:position layout:x="60" layout:y="100"/>
              <layout:dimensions layout:width="40" layout:height="20"/>
            </layout:boundingBox>
          </layout:textGlyph>
        </layout:listOfTextGlyphs>
      </layout:layout>
    </layout:listOfLayouts>
  </model>
</sbml>
