<?xml version="1.0" encoding="UTF-8"?>
<sbml xmlns="http://www.sbml.org/sbml/level3/version2/core" level="3" version="2">
  <model substanceUnits="mole" volumeUnits="litre" extentUnits="mole" timeUnits="second">
    <listOfUnitDefinitions>
      <unitDefinition id="conc">
        <listOfUnits>
          <unit kind="mole" multiplier="1" scale="0" exponent="1"/>
          <unit kind="litre" multiplier="1" scale="0" exponent="-1"/>
        </listOfUnits>
      </unitDefinition>
      <unitDefinition id="conc_sq">
        <listOfUnits>
          <unit kind="mole" multiplier="1" scale="0" exponent="2"/>
          <unit kind="litre" multiplier="1" scale="0" exponent="-2"/>
        </listOfUnits>
      </unitDefinition>
    </listOfUnitDefinitions>
    <listOfCompartments>
      <compartment id="cell" size="1" spatialDimensions="3" constant="true"/>
    </listOfCompartments>
    <listOfSpecies>
      <species id="P" compartment="cell" initialConcentration="0" hasOnlySubstanceUnits="false" boundaryCondition="false" constant="false"/>
    </listOfSpecies>
    <listOfParameters>
      <parameter id="tau" value="1" units="second" constant="true"/>
      <parameter id="m" value="0.5" units="dimensionless" constant="true"/>
      <parameter id="q" value="1" units="dimensionless" constant="true"/>
      <parameter id="delta_t" value="1" units="second" constant="true"/>
    </listOfParameters>
    <listOfRules>
      <rateRule variable="P">
        <math xmlns="http://www.w3.org/1998/Math/MathML" xmlns:sbml="http://www.sbml.org/sbml/level3/version2/core">
          <apply>
            <divide/>
            <apply>
              <minus/>
              <apply>
                <divide/>
                <cn sbml:units="conc_sq"> 1 </cn>
                <apply>
                  <plus/>
                  <cn sbml:units="conc"> 1 </cn>
                  <apply>
                    <times/>
                    <ci> m </ci>
                    <apply>
                      <power/>
                      <apply>
                        <csymbol encoding="text" definitionURL="http://www.sbml.org/sbml/symbols/delay">
                                                  delay
                                             </csymbol>
                        <ci> P </ci>
                        <ci> delta_t </ci>
                      </apply>
                      <ci> q </ci>
                    </apply>
                  </apply>
                </apply>
              </apply>
              <ci> P </ci>
            </apply>
            <ci> tau </ci>
          </apply>
        </math>
      </rateRule>
    </listOfRules>
  </model>
</sbml>
